X;Y;Trunk;Max H;Area;Trunk/max H;Crown D;tree diameter;Trunk Vol;C %;Tot C;mass 1;mass 2;mass 3;;;;;;;
;;m;m;m2;;m2;m;m3;;m3;ton/m3;ton/m3;ton/m3;;Tot C;;;771.483;;m3
533488.41;152714.96;16.76;25.1;154;0.668;14.01;0.6514;5.5830;2.791;;0.55;0.62;0.76;;mass 1;;0.55;0.62;0.76;ton/m3
532667.91;152276.56;4.13;6.5;129.25;0.635;12.83;0.5937;1.1427;0.571;;424.3155526;478.3193503;586.3269455;;Tot C mass;;424.32;478.32;586.33;ton
532993.33;152945.88;4.66;12.3;31;0.379;6.28;0.2719;0.2705;0.135;;;;;;CO2 eq;;1557.238078;1755.432015;2151.81989;
533203.99;152610.57;12.37;19.8;233;0.625;17.23;0.8097;6.3670;3.184;;;;;;;;;;;
533352.47;152332.33;10.97;16.4;130.5;0.669;12.89;0.5967;3.0664;1.533;;;;;;tot 2017 emission;;;;20697;ton
532644.47;151976.35;15.52;19.2;224;0.808;16.89;0.7932;7.6659;3.833;;;;;;;;7.52%;8.48%;10.40%;
533157.56;152814.63;9.07;17.5;181;0.518;15.18;0.7093;3.5823;1.791;;;;;;;;;;;
533054.81;152446.33;5.81;15.6;45.5;0.372;7.61;0.3373;0.5188;0.259;;;;;;;;;;;
533066.96;153170.91;15.96;21.8;161;0.732;14.32;0.6669;5.5720;2.786;;;;;;;;;;;
532786.25;152592.43;5.65;9.5;84.5;0.595;10.38;0.4730;0.9922;0.496;;;;;;;;;;;
533322.54;152697.14;19.51;24.2;206.5;0.806;16.22;0.7601;8.8496;4.425;;;;;;;;;;;
532799.7;152318.76;7.28;16.6;53.75;0.439;8.27;0.3698;0.7814;0.391;;;;;;;;;;;
533473.33;152578.26;5.05;10.6;164.75;0.476;14.49;0.6750;1.8064;0.903;;;;;;;;;;;
533007.72;152666.9;3.28;3.9;55.25;0.841;8.39;0.3754;0.3629;0.181;;;;;;;;;;;
533073.77;153044.69;6.92;11.6;134.5;0.597;13.09;0.6064;1.9973;0.999;;;;;;;;;;;
533153.96;152954.39;13.94;20.1;257.5;0.694;18.11;0.8531;7.9648;3.982;;;;;;;;;;;
533430.58;152378.27;9.38;14.6;226.75;0.642;17.00;0.7983;4.6927;2.346;;;;;;;;;;;
533065;152177.4;3.92;5.3;60;0.740;8.74;0.3928;0.4747;0.237;;;;;;;;;;;
533239.25;152389.63;6.53;13.6;67.75;0.480;9.29;0.4197;0.9028;0.451;;;;;;;;;;;
533141.1;152877.89;21.12;26.4;213.5;0.800;16.49;0.7735;9.9205;4.960;;;;;;;;;;;
533241.78;152740.76;9.07;20.3;134;0.447;13.07;0.6052;2.6076;1.304;;;;;;;;;;;
532903.29;152293.82;8.25;17;67.75;0.485;9.29;0.4197;1.1406;0.570;;;;;;;;;;;
533285.37;152555.63;6.6;20.1;54;0.328;8.29;0.3707;0.7120;0.356;;;;;;;;;;;
533009.67;152359.82;6.26;11.9;95.75;0.526;11.04;0.5059;1.2575;0.629;;;;;;;;;;;
533015.92;152584.67;4.87;11.7;140.25;0.416;13.37;0.6200;1.4694;0.735;;;;;;;;;;;
532729.71;152452.69;4.92;22;142;0.224;13.45;0.6241;1.5041;0.752;;;;;;;;;;;
532911.89;152422.58;9.71;19.4;33.75;0.501;6.56;0.2854;0.6207;0.310;;;;;;;;;;;
532874.01;152676.2;7.21;11.7;160;0.616;14.28;0.6647;2.5007;1.250;;;;;;;;;;;
533417.59;152680.77;9.16;15.8;207;0.580;16.24;0.7611;4.1655;2.083;;;;;;;;;;;
532611.65;152048.33;10.98;15.6;178.5;0.704;15.08;0.7041;4.2737;2.137;;;;;;;;;;;
533089.81;152907.32;7.03;13.2;170;0.533;14.72;0.6863;2.5992;1.300;;;;;;;;;;;
532963.83;152169.1;15.41;18.4;46.5;0.838;7.70;0.3413;1.4095;0.705;;;;;;;;;;;
533420.04;152298.61;9.57;12.7;139;0.754;13.31;0.6170;2.8603;1.430;;;;;;;;;;;
533113.42;152562.54;8.22;19.1;171.75;0.430;14.79;0.6900;3.0722;1.536;;;;;;;;;;;
533123.45;152769.59;5.72;10;129.5;0.572;12.84;0.5943;1.5859;0.793;;;;;;;;;;;
532930.45;152926.32;7.36;12.9;97.75;0.571;11.16;0.5115;1.5116;0.756;;;;;;;;;;;
533353.16;152602.27;10.14;17;177.5;0.596;15.04;0.7021;3.9234;1.962;;;;;;;;;;;
532758.02;152207.95;12.58;18.6;21.5;0.676;5.23;0.2203;0.4793;0.240;;;;;;;;;;;
533425.93;152527.66;4.3;12.1;110.75;0.355;11.88;0.5468;1.0093;0.505;;;;;;;;;;;
533067.09;153096.11;12.2;18.8;234.25;0.649;17.27;0.8120;6.3148;3.157;;;;;;;;;;;
533297.18;152402.4;6.83;12.7;165.25;0.538;14.51;0.6761;2.4509;1.225;;;;;;;;;;;
533008.98;153114.69;6.68;10.8;138.75;0.619;13.29;0.6165;1.9927;0.996;;;;;;;;;;;
533198.72;152769.8;11.21;20.8;171.75;0.539;14.79;0.6900;4.1896;2.095;;;;;;;;;;;
532926.78;152524.51;5.2;12.7;64.75;0.409;9.08;0.4094;0.6843;0.342;;;;;;;;;;;
533251.48;152690.3;19.9;26;264;0.765;18.34;0.8643;11.6697;5.835;;;;;;;;;;;
533206.09;152458.19;5.45;20;88;0.273;10.59;0.4834;0.9999;0.500;;;;;;;;;;;
532630.66;151969.44;15.04;18.9;213.75;0.796;16.50;0.7740;7.0733;3.537;;;;;;;;;;;
533126.46;152971.67;6.17;11.2;187.5;0.551;15.45;0.7226;2.5290;1.265;;;;;;;;;;;
533187.45;152663.2;7.2;11.9;129.5;0.605;12.84;0.5943;1.9962;0.998;;;;;;;;;;;
533447.27;152328.1;10.04;13.5;141.25;0.744;13.41;0.6223;3.0522;1.526;;;;;;;;;;;
532695.57;152013.9;12.46;17.3;206.75;0.720;16.23;0.7606;5.6590;2.829;;;;;;;;;;;
533469.56;152393.05;6.03;11;143.25;0.548;13.51;0.6270;1.8607;0.930;;;;;;;;;;;
533255.46;152752.46;17.79;22.5;218.5;0.791;16.68;0.7830;8.5614;4.281;;;;;;;;;;;
533169.97;152874.12;10.57;19;173.75;0.556;14.88;0.6942;3.9989;1.999;;;;;;;;;;;
533140.12;152438.68;5.68;16.8;79.25;0.338;10.05;0.4569;0.9308;0.465;;;;;;;;;;;
533375.99;152700.74;19.99;23.7;192.25;0.843;15.65;0.7322;8.4119;4.206;;;;;;;;;;;
533415.72;152588.53;6.76;15;119.5;0.451;12.34;0.5694;1.7207;0.860;;;;;;;;;;;
533002.73;153031.25;4.38;10.8;93.25;0.406;10.90;0.4987;0.8552;0.428;;;;;;;;;;;
533105.61;152809.05;5.68;10.3;151.5;0.551;13.89;0.6458;1.8596;0.930;;;;;;;;;;;
533073.6;152370.31;7.66;11.2;146.5;0.684;13.66;0.6344;2.4204;1.210;;;;;;;;;;;
533121.83;152660.73;4.34;9.2;81.5;0.472;10.19;0.4638;0.7330;0.367;;;;;;;;;;;
533423.57;152458.26;4.33;8.8;107;0.492;11.68;0.5369;0.9797;0.490;;;;;;;;;;;
532629.45;152015.18;14.05;18.5;244.5;0.759;17.65;0.8304;7.6051;3.803;;;;;;;;;;;
532993.59;152425.1;8.05;15.6;106.75;0.516;11.66;0.5362;1.8167;0.908;;;;;;;;;;;
533172.24;152906.07;6.96;15.5;130.5;0.449;12.89;0.5967;1.9455;0.973;;;;;;;;;;;
532652.08;152092.62;10.2;21.2;34;0.481;6.58;0.2865;0.6574;0.329;;;;;;;;;;;
533108.36;153013.97;4.13;8;60;0.516;8.74;0.3928;0.5001;0.250;;;;;;;;;;;
532781.71;152530;6.33;16.5;81.5;0.384;10.19;0.4638;1.0691;0.535;;;;;;;;;;;
533046.52;153196.77;6.03;14.6;243;0.413;17.59;0.8277;3.2431;1.622;;;;;;;;;;;
532941.42;152890.98;12.38;17.7;185.75;0.699;15.38;0.7190;5.0246;2.512;;;;;;;;;;;
532694.48;152367.25;4.77;9.1;133.75;0.524;13.05;0.6046;1.3686;0.684;;;;;;;;;;;
533248.11;152575.04;4.18;15.5;46.5;0.270;7.70;0.3413;0.3823;0.191;;;;;;;;;;;
533132.44;152909.89;22.23;26.4;241.25;0.842;17.53;0.8246;11.8659;5.933;;;;;;;;;;;
533444.55;152713.82;10.36;17;195.5;0.609;15.78;0.7386;4.4370;2.218;;;;;;;;;;;
532878.3;152352.12;8.87;17.1;92.5;0.519;10.86;0.4966;1.7169;0.858;;;;;;;;;;;
533138.94;152838.53;10.05;17.4;195;0.578;15.76;0.7376;4.2926;2.146;;;;;;;;;;;
533287.17;152471.86;10.82;18;97.5;0.601;11.14;0.5108;2.2161;1.108;;;;;;;;;;;
533286.86;152661.55;5.45;9.7;208.5;0.562;16.30;0.7640;2.4972;1.249;;;;;;;;;;;
532916.16;152374.43;11.07;16.7;105.5;0.663;11.59;0.5328;2.4670;1.234;;;;;;;;;;;
532659.02;152002.98;16.21;19.9;219.75;0.815;16.73;0.7853;7.8478;3.924;;;;;;;;;;;
533320.35;152655.79;5.46;8.7;206;0.628;16.20;0.7592;2.4703;1.235;;;;;;;;;;;
533374.82;152266.75;6.51;9.1;117;0.715;12.21;0.5631;1.6202;0.810;;;;;;;;;;;
533375.79;152544.21;6.23;18.5;74.25;0.337;9.73;0.4411;0.9514;0.476;;;;;;;;;;;
533144.65;152370.51;6.44;10.8;128.75;0.596;12.81;0.5925;1.7745;0.887;;;;;;;;;;;
533396.4;152332.62;7.14;10.2;106;0.700;11.62;0.5342;1.5993;0.800;;;;;;;;;;;
533067.45;153124.52;8.83;17.4;165.5;0.507;14.52;0.6767;3.1737;1.587;;;;;;;;;;;
533262.44;152716.67;18.54;23.4;191.25;0.792;15.61;0.7302;7.7591;3.880;;;;;;;;;;;
533044.52;152607.12;13.72;19.6;200.75;0.700;15.99;0.7490;6.0417;3.021;;;;;;;;;;;
532809.86;152264.15;5.36;18.2;115.25;0.295;12.12;0.5586;1.3127;0.656;;;;;;;;;;;
533473.97;152456.29;6.21;24.9;106;0.249;11.62;0.5342;1.3910;0.695;;;;;;;;;;;
533194.21;152995.07;4.93;7.4;32.75;0.666;6.46;0.2805;0.3046;0.152;;;;;;;;;;;
533164.72;152768.39;8.06;15.8;135;0.510;13.11;0.6076;2.3355;1.168;;;;;;;;;;;
532598.99;151990.05;8.85;14.2;178.5;0.623;15.08;0.7041;3.4446;1.722;;;;;;;;;;;
533455.57;152594.54;6.54;12.1;170.25;0.540;14.73;0.6868;2.4218;1.211;;;;;;;;;;;
532999.37;152274.94;5.13;12.6;41;0.407;7.23;0.3183;0.4079;0.204;;;;;;;;;;;
533089.52;152777.86;7.1;11.9;184.25;0.597;15.32;0.7160;2.8572;1.429;;;;;;;;;;;
533081.3;153150.37;11.7;20.4;174.75;0.574;14.92;0.6963;4.4532;2.227;;;;;;;;;;;
533292.64;152721.19;11.79;17.9;177.25;0.659;15.03;0.7015;4.5551;2.278;;;;;;;;;;;
532801.03;152393.1;7.94;20.2;46;0.393;7.65;0.3393;0.7176;0.359;;;;;;;;;;;
533104.06;152956.38;6.59;12.4;201;0.531;16.00;0.7495;2.9057;1.453;;;;;;;;;;;
533460.35;152303.26;7.23;12.2;167.5;0.593;14.61;0.6810;2.6317;1.316;;;;;;;;;;;
532927.78;152614.05;5.68;8.4;63.75;0.676;9.01;0.4060;0.7349;0.367;;;;;;;;;;;
532972.66;152239.69;4.9;9.4;27.5;0.521;5.92;0.2540;0.2481;0.124;;;;;;;;;;;
533095.25;152878.22;9.21;16;180.75;0.576;15.17;0.7088;3.6323;1.816;;;;;;;;;;;
533188.23;152851.38;5.9;10.8;77.5;0.546;9.94;0.4514;0.9437;0.472;;;;;;;;;;;
532747.75;152497.96;6;16.6;129.5;0.361;12.84;0.5943;1.6635;0.832;;;;;;;;;;;
532774.71;152288.39;4.43;18;87;0.246;10.53;0.4805;0.8028;0.401;;;;;;;;;;;
533179.2;152625.58;6.25;13;131.25;0.481;12.93;0.5985;1.7577;0.879;;;;;;;;;;;
532857.58;152106.74;3.63;4.8;12;0.756;3.91;0.1553;0.0687;0.034;;;;;;;;;;;
532973.61;152379.69;9.43;17.1;177.5;0.551;15.04;0.7021;3.6487;1.824;;;;;;;;;;;
533207.44;152418.75;4.25;18.5;63;0.230;8.96;0.4034;0.5428;0.271;;;;;;;;;;;
533408.73;152212.76;6.9;17;50;0.406;7.98;0.3553;0.6839;0.342;;;;;;;;;;;
533317.43;152343.54;6.81;11.1;205.25;0.614;16.17;0.7577;3.0694;1.535;;;;;;;;;;;
533118.11;152474.73;6.49;18;21.75;0.361;5.26;0.2218;0.2506;0.125;;;;;;;;;;;
533420.72;152411.21;6.12;12.4;166.75;0.494;14.57;0.6793;2.2172;1.109;;;;;;;;;;;
533121.53;152811.32;8;15.3;166.25;0.523;14.55;0.6783;2.8891;1.445;;;;;;;;;;;
532794.02;152612.07;4.48;7.6;99;0.589;11.23;0.5150;0.9327;0.466;;;;;;;;;;;
533061.66;152996.97;7.13;12;68.5;0.594;9.34;0.4222;0.9976;0.499;;;;;;;;;;;
532680.36;152328.68;5.25;8.2;94;0.640;10.94;0.5009;1.0339;0.517;;;;;;;;;;;
532910.65;152236.79;4.87;7.7;70.75;0.632;9.49;0.4297;0.7057;0.353;;;;;;;;;;;
533502.08;152531.41;5.61;11.6;82.75;0.484;10.27;0.4677;0.9632;0.482;;;;;;;;;;;
533288.52;152603.46;4.98;8.1;127.5;0.615;12.74;0.5894;1.3581;0.679;;;;;;;;;;;
533397.57;152717.31;15;19.7;126.5;0.761;12.69;0.5869;4.0566;2.028;;;;;;;;;;;
532701.42;152159.31;4.53;10.9;19.5;0.416;4.98;0.2081;0.1539;0.077;;;;;;;;;;;
533300.99;152695.39;16.99;20.6;168.5;0.825;14.65;0.6831;6.2233;3.112;;;;;;;;;;;
533201.87;152376.12;5.31;15.9;138;0.334;13.26;0.6147;1.5750;0.787;;;;;;;;;;;
533476.18;152331.99;4.67;7.1;96.5;0.658;11.09;0.5080;0.9460;0.473;;;;;;;;;;;
533162.53;152567.49;6.69;19.5;133.75;0.343;13.05;0.6046;1.9195;0.960;;;;;;;;;;;
533014.6;152644.35;5.08;7.5;133.5;0.677;13.04;0.6040;1.4547;0.727;;;;;;;;;;;
532823.05;152335.46;7.82;11.7;136;0.668;13.16;0.6099;2.2838;1.142;;;;;;;;;;;
533050.23;152360.92;5.47;8.4;98.25;0.651;11.19;0.5129;1.1296;0.565;;;;;;;;;;;
533155.89;152882.64;19.01;24.5;209.75;0.776;16.35;0.7664;8.7651;4.383;;;;;;;;;;;
532691.55;152226.35;4.32;8.4;40.5;0.514;7.18;0.3161;0.3389;0.169;;;;;;;;;;;
533365.41;152450.12;15.72;19.2;9.5;0.819;3.48;0.1341;0.2219;0.111;;;;;;;;;;;
533067.68;153202.06;7.54;15.6;190.75;0.483;15.59;0.7292;3.1469;1.573;;;;;;;;;;;
533067.51;152416.72;9.65;16.7;69;0.578;9.38;0.4239;1.3609;0.680;;;;;;;;;;;
533369.86;152655.92;4.84;7.6;102;0.637;11.40;0.5233;1.0404;0.520;;;;;;;;;;;
533186.26;152790.3;20.08;25.8;263.5;0.778;18.32;0.8635;11.7520;5.876;;;;;;;;;;;
533112.59;152850.14;8.1;14.1;181.25;0.574;15.20;0.7098;3.2038;1.602;;;;;;;;;;;
533207.83;152893.45;5.93;8.6;76.5;0.690;9.87;0.4482;0.9353;0.468;;;;;;;;;;;
533373.96;152350.15;7.22;11.8;198.25;0.612;15.89;0.7441;3.1378;1.569;;;;;;;;;;;
533209.03;152639.31;9.67;14.9;231;0.649;17.15;0.8061;4.9326;2.466;;;;;;;;;;;
533170.77;152839.58;14.06;18.4;201.25;0.764;16.01;0.7500;6.2076;3.104;;;;;;;;;;;
532994.15;153071.37;6.6;11.9;115;0.555;12.10;0.5579;1.6127;0.806;;;;;;;;;;;
533276.28;152770.93;9.25;15.8;226.5;0.585;16.99;0.7979;4.6223;2.311;;;;;;;;;;;
532952.27;152972.55;5.82;10.1;97.5;0.576;11.14;0.5108;1.1920;0.596;;;;;;;;;;;
532685.33;151985.56;12.96;17;219.75;0.762;16.73;0.7853;6.2744;3.137;;;;;;;;;;;
533138.56;153004.1;8.82;14;125.25;0.630;12.63;0.5839;2.3602;1.180;;;;;;;;;;;
532990.95;152509.23;13.77;25.7;25.75;0.536;5.73;0.2446;0.6467;0.323;;;;;;;;;;;
533236.62;152751.96;19.44;23.4;200.5;0.831;15.98;0.7485;8.5493;4.275;;;;;;;;;;;
533045.89;153069.52;6;10.8;67.25;0.556;9.26;0.4180;0.8228;0.411;;;;;;;;;;;
532818.83;152493.05;9.17;22.1;50.25;0.415;8.00;0.3563;0.9139;0.457;;;;;;;;;;;
532852.06;152645.02;4.13;6.6;34;0.626;6.58;0.2865;0.2662;0.133;;;;;;;;;;;
533051.28;152703.61;7.24;7.9;31.5;0.916;6.33;0.2744;0.4280;0.214;;;;;;;;;;;
533498.63;152582.06;10.82;17.6;102.5;0.615;11.43;0.5247;2.3381;1.169;;;;;;;;;;;
532960.33;152911.7;6.86;13.6;134.75;0.504;13.10;0.6070;1.9839;0.992;;;;;;;;;;;
533154.07;152475.31;5.65;15.9;114.5;0.355;12.08;0.5566;1.3742;0.687;;;;;;;;;;;
532827.04;152672.64;5.07;8.4;59.5;0.604;8.71;0.3910;0.6083;0.304;;;;;;;;;;;
533215.03;152729.54;7.99;16.7;246.25;0.478;17.71;0.8335;4.3572;2.179;;;;;;;;;;;
533027.44;152930.26;5.25;12.1;24.25;0.434;5.56;0.2363;0.2301;0.115;;;;;;;;;;;
532741.2;152065.7;6.94;18;15;0.386;4.37;0.1780;0.1725;0.086;;;;;;;;;;;
533345.98;152706.87;16.31;23.6;166.75;0.691;14.57;0.6793;5.9089;2.954;;;;;;;;;;;
533079.91;152580.04;6.32;17.8;63.75;0.355;9.01;0.4060;0.8177;0.409;;;;;;;;;;;
532644.5;152198.07;3.99;5.1;35.75;0.782;6.75;0.2948;0.2721;0.136;;;;;;;;;;;
532623.87;152000.49;15.79;19.1;253.75;0.827;17.98;0.8466;8.8848;4.442;;;;;;;;;;;
532776.85;152247.61;6.78;17.2;92.5;0.394;10.86;0.4966;1.3124;0.656;;;;;;;;;;;
533484.01;152734.26;14.47;21.8;121.5;0.664;12.44;0.5745;3.7489;1.874;;;;;;;;;;;
533128.34;152880.89;17.24;23;200.75;0.750;15.99;0.7490;7.5917;3.796;;;;;;;;;;;
533029.92;152214.34;4.12;5.7;23.25;0.723;5.44;0.2306;0.1719;0.086;;;;;;;;;;;
533432.31;152617.33;8.65;15.3;125.75;0.565;12.66;0.5851;2.3245;1.162;;;;;;;;;;;
533200.98;152533.88;5.62;19.4;49.5;0.290;7.94;0.3534;0.5509;0.275;;;;;;;;;;;
532971.03;152431.89;7.34;14.2;85.75;0.517;10.45;0.4767;1.3096;0.655;;;;;;;;;;;
533140.31;152937.1;23.83;31.2;157.5;0.764;14.16;0.6592;8.1287;4.064;;;;;;;;;;;
533324.38;152600.16;10.93;16.5;151;0.662;13.87;0.6447;3.5660;1.783;;;;;;;;;;;
533462.55;152728.79;8.86;18;125;0.492;12.62;0.5832;2.3659;1.183;;;;;;;;;;;
532721.31;152422.54;6.47;9.8;52.5;0.660;8.18;0.3650;0.6767;0.338;;;;;;;;;;;
533131.77;152804.06;12.14;18.3;186.25;0.663;15.40;0.7201;4.9412;2.471;;;;;;;;;;;
532934.85;152213.63;4.83;15.8;63.5;0.306;8.99;0.4051;0.6222;0.311;;;;;;;;;;;
532861.71;152392.76;6.28;18.7;55;0.336;8.37;0.3745;0.6913;0.346;;;;;;;;;;;
533476.66;152595.18;9.21;15.8;179.25;0.583;15.11;0.7057;3.6006;1.800;;;;;;;;;;;
533230.55;152703.79;5.4;12;108.75;0.450;11.77;0.5415;1.2431;0.622;;;;;;;;;;;
532892.23;152249.49;5.6;18.4;38.75;0.304;7.03;0.3084;0.4181;0.209;;;;;;;;;;;
533146.17;152921.17;22.43;29.1;224;0.771;16.89;0.7932;11.0790;5.540;;;;;;;;;;;
533099.19;153035.45;10.91;18;174;0.606;14.89;0.6947;4.1338;2.067;;;;;;;;;;;
532632.22;151954.26;11.21;15.4;186.25;0.728;15.40;0.7201;4.5626;2.281;;;;;;;;;;;
533025.31;153091.92;6.84;14.9;59;0.459;8.67;0.3892;0.8132;0.407;;;;;;;;;;;
533045.42;152883.72;5.93;11.9;80.75;0.498;10.14;0.4615;0.9916;0.496;;;;;;;;;;;
533426.39;152555.44;5.62;9.7;77.5;0.579;9.94;0.4514;0.8990;0.449;;;;;;;;;;;
533245.32;152552.05;5.03;17.2;130.5;0.292;12.89;0.5967;1.4060;0.703;;;;;;;;;;;
532900.63;152489.11;11.35;19.9;24.25;0.570;5.56;0.2363;0.4974;0.249;;;;;;;;;;;
533252.62;152614.52;7.95;14.8;115.5;0.537;12.13;0.5592;1.9516;0.976;;;;;;;;;;;
532619.25;151960.22;12.59;16.2;181.25;0.777;15.20;0.7098;4.9798;2.490;;;;;;;;;;;
533111.38;153136.71;13.27;26;84;0.510;10.34;0.4715;2.3155;1.158;;;;;;;;;;;
533102.95;153167.59;4.46;10.8;39.5;0.413;7.09;0.3117;0.3402;0.170;;;;;;;;;;;
533473.6;152528.49;6.28;12.1;91;0.519;10.77;0.4922;1.1944;0.597;;;;;;;;;;;
533431.36;152346.93;5.18;8.4;205.5;0.617;16.18;0.7582;2.3377;1.169;;;;;;;;;;;
533118.79;152942.44;9.6;16;242.75;0.600;17.59;0.8273;5.1575;2.579;;;;;;;;;;;
533150.24;152968.95;7.39;13.9;149.5;0.532;13.80;0.6413;2.3857;1.193;;;;;;;;;;;
533308.9;152470.55;4.87;19.2;69.75;0.254;9.43;0.4263;0.6949;0.347;;;;;;;;;;;
533334.39;152678.4;7.25;10.7;153.5;0.678;13.98;0.6503;2.4068;1.203;;;;;;;;;;;
533308.35;152447.48;5.2;16.8;85.75;0.310;10.45;0.4767;0.9277;0.464;;;;;;;;;;;
532648.46;152016.22;13.04;18.1;201;0.720;16.00;0.7495;5.7497;2.875;;;;;;;;;;;
533202.08;152935.82;5.85;8.5;79.75;0.688;10.08;0.4584;0.9652;0.483;;;;;;;;;;;
533052.91;152477.53;5.2;15.3;124.75;0.340;12.61;0.5826;1.3856;0.693;;;;;;;;;;;
533156.53;152788.47;11.01;18.8;168;0.586;14.63;0.6820;4.0203;2.010;;;;;;;;;;;
533351.25;152319.91;7.49;10.5;117;0.713;12.21;0.5631;1.8641;0.932;;;;;;;;;;;
533261.31;152676.68;13.38;18.6;172.5;0.719;14.82;0.6916;5.0237;2.512;;;;;;;;;;;
533368.95;152524.12;5.71;15.9;54;0.359;8.29;0.3707;0.6160;0.308;;;;;;;;;;;
533393.1;152564.15;4.66;12.3;111.25;0.379;11.90;0.5481;1.0991;0.550;;;;;;;;;;;
532986.27;152349.52;10.29;13.4;23.75;0.768;5.50;0.2334;0.4402;0.220;;;;;;;;;;;
533041.16;152595.93;12.11;18.4;199.75;0.658;15.95;0.7470;5.3048;2.652;;;;;;;;;;;
532608.82;152016.18;11.31;16.9;251;0.669;17.88;0.8418;6.2920;3.146;;;;;;;;;;;
533199.2;152743.64;6.86;15.5;143.75;0.443;13.53;0.6281;2.1246;1.062;;;;;;;;;;;
533387.84;152407.76;21.33;27.6;22.5;0.773;5.35;0.2262;0.8569;0.428;;;;;;;;;;;
533280.64;152212.08;7.28;10.3;4.5;0.707;2.39;0.0808;0.0373;0.019;;;;;;;;;;;
533268.17;152733.04;20.19;23.8;198;0.848;15.88;0.7436;8.7630;4.382;;;;;;;;;;;
533182.39;152808.51;8.93;17.7;155.5;0.505;14.07;0.6548;3.0053;1.503;;;;;;;;;;;
533468.22;152420.31;7.31;12.6;124.25;0.580;12.58;0.5814;1.9395;0.970;;;;;;;;;;;
533069.68;153142.76;20.73;25.6;202.5;0.810;16.06;0.7524;9.2121;4.606;;;;;;;;;;;
533011.02;152385.57;6.88;12.1;159.75;0.569;14.27;0.6642;2.3823;1.191;;;;;;;;;;;
533074.69;152345.65;5.82;9.4;129.75;0.619;12.86;0.5949;1.6169;0.808;;;;;;;;;;;
533174.23;152659.79;5.52;11;131.75;0.502;12.96;0.5998;1.5587;0.779;;;;;;;;;;;
533351.28;152656.6;6.31;9.2;158.25;0.686;14.20;0.6609;2.1632;1.082;;;;;;;;;;;
532974.63;152701.37;6.6;10.6;44.5;0.623;7.53;0.3331;0.5750;0.287;;;;;;;;;;;
533183.45;153011.7;7.2;10.7;62.75;0.673;8.94;0.4025;0.9156;0.458;;;;;;;;;;;
532806.89;152639.01;6.23;13.3;194.5;0.468;15.74;0.7366;2.6538;1.327;;;;;;;;;;;
533038.23;152969.65;4.91;12.2;46.75;0.402;7.72;0.3424;0.4518;0.226;;;;;;;;;;;
533387.01;152346.61;8.73;12.8;222.75;0.682;16.85;0.7909;4.2869;2.143;;;;;;;;;;;
532998.94;153003.1;4.87;8;70;0.609;9.44;0.4272;0.6976;0.349;;;;;;;;;;;
533212.33;152871.77;5.18;8.5;61.25;0.609;8.83;0.3972;0.6416;0.321;;;;;;;;;;;
533101.06;152895.49;9.1;15.7;163.5;0.580;14.43;0.6723;3.2291;1.615;;;;;;;;;;;
533497.64;152603.95;9.13;15.1;105;0.605;11.57;0.5315;2.0244;1.012;;;;;;;;;;;
532886.14;152808.94;5.03;6.7;16.5;0.751;4.58;0.1884;0.1402;0.070;;;;;;;;;;;
532671.5;151993.67;16.48;20.2;226.25;0.816;16.98;0.7974;8.2257;4.113;;;;;;;;;;;
533219.46;152752.81;6.36;15.6;141.5;0.408;13.43;0.6229;1.9371;0.969;;;;;;;;;;;
533434.2;152578.41;4.17;5.9;41.75;0.707;7.29;0.3215;0.3384;0.169;;;;;;;;;;;
533453.47;152376.05;5.66;9.2;57;0.615;8.52;0.3819;0.6479;0.324;;;;;;;;;;;
533093.95;152930.56;8.44;17.8;189;0.474;15.52;0.7256;3.4885;1.744;;;;;;;;;;;
533332.76;152342.58;8.72;14.4;239.25;0.606;17.46;0.8210;4.6142;2.307;;;;;;;;;;;
532938.44;152481.03;7.01;18;23.25;0.389;5.44;0.2306;0.2926;0.146;;;;;;;;;;;
533121.79;152627.9;5.75;10.2;107;0.564;11.68;0.5369;1.3009;0.650;;;;;;;;;;;
532791.84;152202.07;6.74;19.2;45;0.351;7.57;0.3352;0.5945;0.297;;;;;;;;;;;
533014.9;152605.78;4.59;6.3;115;0.729;12.10;0.5579;1.1216;0.561;;;;;;;;;;;
533408.05;152694.43;5.95;11.8;109.75;0.504;11.82;0.5442;1.3832;0.692;;;;;;;;;;;
533049.51;152385.75;7.1;13.1;173.5;0.542;14.87;0.6937;2.6820;1.341;;;;;;;;;;;
532754.4;152515.42;6.21;19.6;129.25;0.317;12.83;0.5937;1.7182;0.859;;;;;;;;;;;
533065.1;153155.02;17.86;24.9;206;0.717;16.20;0.7592;8.0806;4.040;;;;;;;;;;;
533129.42;152849.4;13.82;19.4;221.25;0.712;16.79;0.7881;6.7385;3.369;;;;;;;;;;;
532842.77;152277.49;13.76;19;31.25;0.724;6.31;0.2732;0.8062;0.403;;;;;;;;;;;
533080.63;153117.14;11.81;19.9;173.5;0.593;14.87;0.6937;4.4613;2.231;;;;;;;;;;;
532619.37;152086.99;5.21;12.2;37.5;0.427;6.91;0.3028;0.3749;0.187;;;;;;;;;;;
532612.88;151972.29;15.14;17.8;224.75;0.851;16.92;0.7946;7.5044;3.752;;;;;;;;;;;
533338.79;152569.44;6.81;19.1;58;0.357;8.60;0.3855;0.7946;0.397;;;;;;;;;;;
532758.76;152252.78;7.35;17.3;72;0.425;9.58;0.4338;1.0856;0.543;;;;;;;;;;;
533140.22;152254.58;5.96;7.7;4.5;0.774;2.39;0.0808;0.0305;0.015;;;;;;;;;;;
533287.15;152706.69;14.85;21.5;203.5;0.691;16.10;0.7543;6.6333;3.317;;;;;;;;;;;
533085.57;152789.12;6.75;11.2;188.75;0.603;15.51;0.7251;2.7861;1.393;;;;;;;;;;;
532962.04;152894.94;9.32;15.3;117.5;0.609;12.23;0.5643;2.3301;1.165;;;;;;;;;;;
533287.02;152739.47;12.84;19.9;251;0.645;17.88;0.8418;7.1432;3.572;;;;;;;;;;;
533249.34;152720.89;6.38;15.4;136;0.414;13.16;0.6099;1.8633;0.932;;;;;;;;;;;
533384.76;152712.87;14.62;20.1;170.5;0.727;14.74;0.6874;5.4222;2.711;;;;;;;;;;;
532622.11;152112.38;4.59;11;57;0.417;8.52;0.3819;0.5255;0.263;;;;;;;;;;;
532678.47;152310.79;6.2;11;164.5;0.564;14.48;0.6745;2.2142;1.107;;;;;;;;;;;
533162.9;152856.79;6.61;13.2;179.75;0.501;15.13;0.7067;2.5917;1.296;;;;;;;;;;;
532626.16;151983.26;16.63;19.5;220;0.853;16.74;0.7858;8.0607;4.030;;;;;;;;;;;
533411.29;152663.76;9.22;16.6;231.75;0.555;17.18;0.8075;4.7191;2.360;;;;;;;;;;;
533058.93;153187.04;8.77;16;214.25;0.548;16.52;0.7750;4.1346;2.067;;;;;;;;;;;
532950.5;152379.85;8.54;17.2;106.25;0.497;11.63;0.5348;1.9177;0.959;;;;;;;;;;;
533404.89;152608.03;5.2;8.7;135.75;0.598;13.15;0.6094;1.5157;0.758;;;;;;;;;;;
532937.66;152902.04;7.99;12.5;126.5;0.639;12.69;0.5869;2.1608;1.080;;;;;;;;;;;
532890.82;152446.71;12.56;20.8;37;0.604;6.87;0.3005;0.8904;0.445;;;;;;;;;;;
533246.19;152704.53;18.12;25.1;198.25;0.722;15.89;0.7441;7.8750;3.938;;;;;;;;;;;
533160.2;152914.26;17.7;23.4;201;0.756;16.00;0.7495;7.8045;3.902;;;;;;;;;;;
533101.53;152911.71;18.85;25.3;196;0.745;15.80;0.7396;8.0947;4.047;;;;;;;;;;;
533485.11;152700.9;11.81;20.5;161.75;0.576;14.35;0.6685;4.1434;2.072;;;;;;;;;;;
533192.09;152638.56;6.54;12.1;159.25;0.540;14.24;0.6631;2.2571;1.129;;;;;;;;;;;
532989.41;153052.85;6.4;11.9;134.5;0.538;13.09;0.6064;1.8472;0.924;;;;;;;;;;;
533507.52;152384;19.77;34.4;32;0.575;6.38;0.2769;1.1898;0.595;;;;;;;;;;;
533235.73;152418.12;8.76;14.2;162.25;0.617;14.38;0.6696;3.0833;1.542;;;;;;;;;;;
533172.55;152793.43;15.6;22.9;181;0.681;15.18;0.7093;6.1614;3.081;;;;;;;;;;;
532869.1;152335.49;6.28;20.2;100;0.311;11.29;0.5178;1.3216;0.661;;;;;;;;;;;
533284.29;152685.85;7.29;12.9;138.5;0.565;13.28;0.6159;2.1705;1.085;;;;;;;;;;;
532933.07;152572.49;7.85;20.4;38;0.385;6.96;0.3050;0.5734;0.287;;;;;;;;;;;
533139.34;152893.94;17.84;26.2;213.75;0.681;16.50;0.7740;8.3901;4.195;;;;;;;;;;;
532708.83;152403.42;4.25;9;83.75;0.472;10.33;0.4707;0.7392;0.370;;;;;;;;;;;
533436.97;152726.71;21.46;28.3;104.75;0.758;11.55;0.5308;4.7462;2.373;;;;;;;;;;;
533431.56;152400.95;7.43;11.8;178.5;0.630;15.08;0.7041;2.8919;1.446;;;;;;;;;;;
532760.99;152158.66;4.25;10.5;37.75;0.405;6.93;0.3039;0.3081;0.154;;;;;;;;;;;
532663.93;152020.07;13.49;17.6;185.75;0.766;15.38;0.7190;5.4751;2.738;;;;;;;;;;;
532657.82;151968.32;12.13;16.7;215.5;0.726;16.57;0.7773;5.7537;2.877;;;;;;;;;;;
532999.58;153099.91;6.93;11.9;110.75;0.582;11.88;0.5468;1.6267;0.813;;;;;;;;;;;
533041.85;153149.74;5.64;11.4;54.25;0.495;8.31;0.3717;0.6115;0.306;;;;;;;;;;;
533064.21;152409.52;17.44;22.2;140;0.786;13.35;0.6194;5.2522;2.626;;;;;;;;;;;
532924.55;152322.89;9.13;17;24.25;0.537;5.56;0.2363;0.4001;0.200;;;;;;;;;;;
532773.59;152564.51;4.28;7.2;93;0.594;10.88;0.4980;0.8333;0.417;;;;;;;;;;;
533066.12;152930.7;7.79;12.8;71.75;0.609;9.56;0.4329;1.1462;0.573;;;;;;;;;;;
533367.95;152713.4;18.22;23.3;166.75;0.782;14.57;0.6793;6.6008;3.300;;;;;;;;;;;
532962.45;153011.89;7.22;15.5;47.75;0.466;7.80;0.3464;0.6801;0.340;;;;;;;;;;;
533174.34;152890.27;9.69;18.2;167.75;0.532;14.62;0.6815;3.5327;1.766;;;;;;;;;;;
533420.83;152390.85;6.66;10.7;207.25;0.622;16.25;0.7616;3.0324;1.516;;;;;;;;;;;
532638.64;151990.21;17.02;19.9;214.75;0.855;16.54;0.7759;8.0437;4.022;;;;;;;;;;;
533035.06;152999.11;4.46;12.1;82.25;0.369;10.24;0.4661;0.7608;0.380;;;;;;;;;;;
533101.18;153050.28;7.04;12.1;170.75;0.582;14.75;0.6879;2.6150;1.307;;;;;;;;;;;
533135.71;152784.05;8.65;13.9;166.5;0.622;14.56;0.6788;3.1288;1.564;;;;;;;;;;;
532954.62;152136.24;8.28;16;45.75;0.518;7.63;0.3383;0.7438;0.372;;;;;;;;;;;
533126.06;152832.81;7.29;15.3;182.25;0.476;15.24;0.7119;2.9002;1.450;;;;;;;;;;;
533313.96;152372.64;4.24;8.8;48;0.482;7.82;0.3474;0.4017;0.201;;;;;;;;;;;
533210.27;152842.34;5.87;9.2;129;0.638;12.82;0.5931;1.6208;0.810;;;;;;;;;;;
533466.7;152247.36;4.6;8.8;29.75;0.523;6.16;0.2657;0.2548;0.127;;;;;;;;;;;
533195.14;152624.34;8.42;16.1;131.25;0.523;12.93;0.5985;2.3680;1.184;;;;;;;;;;;
533107.42;152927.19;10.64;17.1;148.25;0.622;13.74;0.6384;3.4046;1.702;;;;;;;;;;;
532760.96;152326.83;11.36;21;63;0.541;8.96;0.4034;1.4509;0.725;;;;;;;;;;;
533076.83;153184.95;12.26;19.2;181.5;0.639;15.21;0.7103;4.8563;2.428;;;;;;;;;;;
533147.68;152828.66;15.14;21.3;181.25;0.711;15.20;0.7098;5.9884;2.994;;;;;;;;;;;
533273.66;152708.11;19.26;22.9;199;0.841;15.92;0.7455;8.4037;4.202;;;;;;;;;;;
533107.55;152207.69;4.2;6.8;18;0.618;4.79;0.1985;0.1298;0.065;;;;;;;;;;;
533136.86;152817.16;10.91;17.6;233.25;0.620;17.24;0.8102;5.6218;2.811;;;;;;;;;;;
533473.13;152476.78;6.16;12.1;126;0.509;12.67;0.5857;1.6589;0.829;;;;;;;;;;;
533009.05;152342.19;5.73;11.6;90.5;0.494;10.74;0.4908;1.0834;0.542;;;;;;;;;;;
533371.15;152439.41;6.67;16.3;45.5;0.409;7.61;0.3373;0.5956;0.298;;;;;;;;;;;
532791.61;152235.09;5.06;7.8;65.25;0.649;9.12;0.4112;0.6715;0.336;;;;;;;;;;;
533370.69;152686.82;16.65;24.1;157.75;0.691;14.18;0.6597;5.6891;2.845;;;;;;;;;;;
533232.01;152574.63;5.77;9.2;86.75;0.627;10.51;0.4797;1.0424;0.521;;;;;;;;;;;
533397.39;152532.53;4.51;12.2;102.75;0.370;11.44;0.5253;0.9771;0.489;;;;;;;;;;;
532816.09;152600.21;5;10.8;47;0.463;7.74;0.3434;0.4628;0.231;;;;;;;;;;;
532861.75;152674.98;5.2;11.6;136;0.448;13.16;0.6099;1.5186;0.759;;;;;;;;;;;
533105.03;152776.96;7.38;11.6;162;0.636;14.37;0.6691;2.5934;1.297;;;;;;;;;;;
532904.8;152381.42;8.84;14.9;198.25;0.593;15.89;0.7441;3.8419;1.921;;;;;;;;;;;
532844;152435.88;14.42;21.9;24.75;0.658;5.62;0.2391;0.6470;0.323;;;;;;;;;;;
533057.36;153213.4;9.53;15;293.5;0.635;19.34;0.9133;6.2404;3.120;;;;;;;;;;;
532936.53;152164.79;5.75;15.7;91.75;0.366;10.81;0.4944;1.1033;0.552;;;;;;;;;;;
532803.79;152291.87;13.26;20.1;38.5;0.660;7.00;0.3073;0.9828;0.491;;;;;;;;;;;
533393.88;152301.71;6.6;10.6;57.5;0.623;8.56;0.3837;0.7628;0.381;;;;;;;;;;;
532683.87;152023.37;11.22;18;148.5;0.623;13.75;0.6390;3.5966;1.798;;;;;;;;;;;
533149.07;152774.1;10.56;16.9;224.5;0.625;16.91;0.7942;5.2282;2.614;;;;;;;;;;;
533338.35;152477.51;5.73;15.3;43;0.375;7.40;0.3268;0.4805;0.240;;;;;;;;;;;
533245.86;152763;18.23;22.7;194.25;0.803;15.73;0.7361;7.7551;3.878;;;;;;;;;;;
532893.2;152585.94;6.87;16.5;23;0.416;5.41;0.2291;0.2831;0.142;;;;;;;;;;;
532887.35;152647.77;4.63;7.4;31.75;0.626;6.36;0.2757;0.2762;0.138;;;;;;;;;;;
533079;153133.77;14.91;22.2;178;0.672;15.06;0.7031;5.7862;2.893;;;;;;;;;;;
533351.54;152388.22;6.15;10.3;39;0.597;7.05;0.3095;0.4625;0.231;;;;;;;;;;;
532894.06;152520.07;7.46;17.2;51.5;0.434;8.10;0.3612;0.7639;0.382;;;;;;;;;;;
532956.16;152420.86;8.98;18.1;134.5;0.496;13.09;0.6064;2.5919;1.296;;;;;;;;;;;
533498.06;152568.84;9.88;15.2;96.75;0.650;11.10;0.5087;2.0069;1.003;;;;;;;;;;;
533049.08;153093.18;6.55;12.8;127;0.512;12.72;0.5882;1.7788;0.889;;;;;;;;;;;
533311.96;152691.95;19.46;23.9;186.25;0.814;15.40;0.7201;7.9205;3.960;;;;;;;;;;;
533470.02;152315.88;6;11.3;174.75;0.531;14.92;0.6963;2.2837;1.142;;;;;;;;;;;
533168.66;152779.49;17.01;23.5;199.25;0.724;15.93;0.7460;7.4317;3.716;;;;;;;;;;;
533020.08;152524.74;9.39;16.4;24;0.573;5.53;0.2349;0.4066;0.203;;;;;;;;;;;
533129.06;152952.53;12.86;20.1;237.5;0.640;17.39;0.8179;6.7529;3.376;;;;;;;;;;;
533205.27;152914.63;5.6;8.2;68.5;0.683;9.34;0.4222;0.7835;0.392;;;;;;;;;;;
533238.16;152373.75;8.92;16.4;151.75;0.544;13.90;0.6464;2.9255;1.463;;;;;;;;;;;
533104.47;152837.18;6.18;11.3;102.25;0.547;11.41;0.5240;1.3319;0.666;;;;;;;;;;;
533469.45;152607.07;7.56;12;168.5;0.630;14.65;0.6831;2.7692;1.385;;;;;;;;;;;
533152.21;152399.43;4.81;16.1;82.75;0.299;10.27;0.4677;0.8258;0.413;;;;;;;;;;;
533348.26;152679.31;6.08;9.2;116.5;0.661;12.18;0.5618;1.5063;0.753;;;;;;;;;;;
532621.2;152029.11;13.06;17.3;192.75;0.755;15.67;0.7332;5.5107;2.755;;;;;;;;;;;
533041.62;152668.03;4.4;11.7;26;0.376;5.76;0.2460;0.2089;0.104;;;;;;;;;;;
533498;152555.12;9.58;14;103.75;0.684;11.50;0.5281;2.0971;1.049;;;;;;;;;;;
533280.03;152724.27;16.74;22.1;205.5;0.757;16.18;0.7582;7.5546;3.777;;;;;;;;;;;
532697.67;151996.99;11.92;16.4;197.25;0.727;15.85;0.7421;5.1530;2.577;;;;;;;;;;;
533188;152762.62;8.73;18.8;160.5;0.464;14.30;0.6658;3.0378;1.519;;;;;;;;;;;
533204.44;152652.94;10.52;17.4;228.5;0.605;17.06;0.8015;5.3055;2.653;;;;;;;;;;;
532989.32;152554.5;19.15;26.3;26.75;0.728;5.84;0.2500;0.9395;0.470;;;;;;;;;;;
533330.94;152706.91;17.93;23.3;159.5;0.770;14.25;0.6636;6.1982;3.099;;;;;;;;;;;
533431.91;152698.73;8.88;14;116;0.634;12.16;0.5605;2.1899;1.095;;;;;;;;;;;
532737.33;152473.02;5.51;21.2;141.25;0.260;13.41;0.6223;1.6751;0.838;;;;;;;;;;;
533459.49;152716.94;14.34;18.5;195.5;0.775;15.78;0.7386;6.1415;3.071;;;;;;;;;;;
532612.15;151987.49;14.04;18.2;218.5;0.771;16.68;0.7830;6.7568;3.378;;;;;;;;;;;
533255.16;152733.11;19.45;23.4;180;0.831;15.14;0.7073;7.6373;3.819;;;;;;;;;;;
532679.53;152280.01;7.41;11.6;137.25;0.639;13.22;0.6129;2.1852;1.093;;;;;;;;;;;
533119.58;152549.63;9.92;19.7;133.5;0.504;13.04;0.6040;2.8406;1.420;;;;;;;;;;;
532763.95;152542.91;4.65;7;97;0.664;11.12;0.5094;0.9472;0.474;;;;;;;;;;;
533338.24;152530.8;5.89;15.6;56;0.378;8.45;0.3782;0.6613;0.331;;;;;;;;;;;
533474.07;152549.68;5.99;12.1;107.5;0.495;11.70;0.5382;1.3620;0.681;;;;;;;;;;;
532829.45;152217.17;5.54;7.1;25.5;0.780;5.70;0.2432;0.2573;0.129;;;;;;;;;;;
533344.38;152339.39;17.61;23.6;170.25;0.746;14.73;0.6868;6.5210;3.261;;;;;;;;;;;
532884.37;152679.7;5.52;8.6;96;0.642;11.06;0.5066;1.1119;0.556;;;;;;;;;;;
533151.63;152660.3;5.6;8.8;29.25;0.636;6.10;0.2631;0.3043;0.152;;;;;;;;;;;
532954.58;152555.33;3.94;7.8;41.25;0.505;7.25;0.3194;0.3154;0.158;;;;;;;;;;;
533127.94;153019.92;6.85;12.7;127.25;0.539;12.73;0.5888;1.8642;0.932;;;;;;;;;;;
533119.54;152586.71;5.74;12.6;90.25;0.456;10.72;0.4900;1.0820;0.541;;;;;;;;;;;
533401.69;152346.26;8.27;13.4;166;0.617;14.54;0.6777;2.9819;1.491;;;;;;;;;;;
532897.49;152331.28;9.07;17.2;37.25;0.527;6.89;0.3016;0.6479;0.324;;;;;;;;;;;
533170.85;152925.46;8.63;16.9;174.5;0.511;14.91;0.6958;3.2798;1.640;;;;;;;;;;;
533370.18;152572.37;6.15;19.1;58;0.322;8.60;0.3855;0.7176;0.359;;;;;;;;;;;
533392.56;152687.02;15.17;21.8;114;0.696;12.05;0.5553;3.6724;1.836;;;;;;;;;;;
533337.81;152441.16;8.23;16.4;31.75;0.502;6.36;0.2757;0.4909;0.245;;;;;;;;;;;
533259.74;152770.12;14.45;21;249.25;0.688;17.82;0.8388;7.9804;3.990;;;;;;;;;;;
533052.19;153059.28;7.02;12.2;95.75;0.575;11.04;0.5059;1.4101;0.705;;;;;;;;;;;
532994.45;152379.96;9.04;16.6;138.5;0.545;13.28;0.6159;2.6916;1.346;;;;;;;;;;;
533070.82;153061.1;8.1;13.4;187.75;0.604;15.47;0.7231;3.3247;1.662;;;;;;;;;;;
533173.24;152822.14;16.81;22;193.75;0.764;15.71;0.7352;7.1317;3.566;;;;;;;;;;;
533160.79;152895.65;14.3;21.6;214.75;0.662;16.54;0.7759;6.7582;3.379;;;;;;;;;;;
533417.86;152372.84;6.77;11.4;183.25;0.594;15.28;0.7139;2.7088;1.354;;;;;;;;;;;
532791.48;152440.62;13.39;21.9;22;0.611;5.29;0.2233;0.5241;0.262;;;;;;;;;;;
532803.2;152574.95;6.61;13.6;64;0.486;9.03;0.4068;0.8589;0.429;;;;;;;;;;;
533141.17;152983.69;5.11;9;101.25;0.568;11.36;0.5212;1.0898;0.545;;;;;;;;;;;
533296.02;152386.62;5.4;8;112.75;0.675;11.98;0.5521;1.2920;0.646;;;;;;;;;;;
532638.83;152139.55;5.11;15.5;74.75;0.330;9.76;0.4427;0.7860;0.393;;;;;;;;;;;
532794.21;152087.9;4.61;18.2;14.25;0.253;4.26;0.1725;0.1077;0.054;;;;;;;;;;;
532756.8;152283.12;11.71;21;63;0.558;8.96;0.4034;1.4956;0.748;;;;;;;;;;;
533156.13;152445.91;6.5;16.1;85.25;0.404;10.42;0.4752;1.1524;0.576;;;;;;;;;;;
533151.81;152868.94;17.45;22.4;196;0.779;15.80;0.7396;7.4935;3.747;;;;;;;;;;;
532719.05;152126.12;6.67;18;29.75;0.371;6.16;0.2657;0.3695;0.185;;;;;;;;;;;
533087.56;152890.35;10.43;16.6;156;0.628;14.10;0.6559;3.5220;1.761;;;;;;;;;;;
532960.26;152633.72;8.3;26.7;19.25;0.311;4.95;0.2065;0.2778;0.139;;;;;;;;;;;
533268.81;152663.78;5.16;8.7;170.5;0.593;14.74;0.6874;1.9137;0.957;;;;;;;;;;;
533373.63;152222.83;3.94;10.4;16.5;0.379;4.58;0.1884;0.1098;0.055;;;;;;;;;;;
533338.82;152695.76;19.31;22.9;170.25;0.843;14.73;0.6868;7.1505;3.575;;;;;;;;;;;
532655.65;151987.09;16.61;20.2;251.25;0.822;17.89;0.8423;9.2501;4.625;;;;;;;;;;;
532851.75;152253.99;5.16;17.3;53.25;0.298;8.24;0.3679;0.5482;0.274;;;;;;;;;;;
533305.18;152417.22;4.74;13.9;102.75;0.341;11.44;0.5253;1.0269;0.513;;;;;;;;;;;
532926.76;152912.96;8.37;12.1;152.5;0.692;13.94;0.6481;2.7595;1.380;;;;;;;;;;;
533030.57;153110.58;6.68;11;94.25;0.607;10.96;0.5016;1.3193;0.660;;;;;;;;;;;
533301.29;152583.16;4.39;16.1;78.25;0.273;9.98;0.4538;0.7096;0.355;;;;;;;;;;;
533060.58;153077.64;9.04;14.3;207.75;0.632;16.27;0.7626;4.1265;2.063;;;;;;;;;;;
533122.29;152791.83;7.42;14.1;183.75;0.526;15.30;0.7150;2.9774;1.489;;;;;;;;;;;
532598.76;151974.13;10.54;15.4;209.75;0.684;16.35;0.7664;4.8598;2.430;;;;;;;;;;;
532994.12;152599.4;9.47;27.7;56.75;0.342;8.50;0.3810;1.0789;0.539;;;;;;;;;;;
532669.46;151978.81;13.14;18.6;212.75;0.706;16.46;0.7721;6.1494;3.075;;;;;;;;;;;
533119.73;152862.77;12.65;19.3;156.5;0.655;14.12;0.6570;4.2862;2.143;;;;;;;;;;;
533117.92;152913.6;18.12;23.8;185;0.761;15.35;0.7175;7.3231;3.662;;;;;;;;;;;
532920.29;152129.32;8.01;18.2;22.75;0.440;5.38;0.2277;0.3260;0.163;;;;;;;;;;;
532755.39;152235.06;4.94;7.6;66;0.650;9.17;0.4137;0.6638;0.332;;;;;;;;;;;
533237.62;152268.64;4.27;8.1;6.75;0.527;2.93;0.1072;0.0385;0.019;;;;;;;;;;;
533248.12;152673.96;5.76;15.5;101.5;0.372;11.37;0.5219;1.2317;0.616;;;;;;;;;;;
532701.49;152289.68;4.27;7.2;45;0.593;7.57;0.3352;0.3766;0.188;;;;;;;;;;;
533172.38;152631.48;5.38;7.9;89.25;0.681;10.66;0.4871;1.0021;0.501;;;;;;;;;;;
533069.5;152427.71;7.25;10.9;90.25;0.665;10.72;0.4900;1.3667;0.683;;;;;;;;;;;
532996.85;152205.54;5.01;7;42.75;0.716;7.38;0.3258;0.4174;0.209;;;;;;;;;;;
532835.85;152317.55;7.58;18.7;79.5;0.405;10.06;0.4577;1.2463;0.623;;;;;;;;;;;
533069.18;152666.94;4.99;9.3;21.75;0.537;5.26;0.2218;0.1927;0.096;;;;;;;;;;;
533205.24;152441.11;5.39;15.8;126;0.341;12.67;0.5857;1.4515;0.726;;;;;;;;;;;
532960.27;152502.79;7.04;25.9;39;0.272;7.05;0.3095;0.5294;0.265;;;;;;;;;;;
532669.75;152184.67;6.04;9.8;17.75;0.616;4.76;0.1968;0.1837;0.092;;;;;;;;;;;
532799.73;152545.82;6.32;13.8;106.25;0.458;11.63;0.5348;1.4192;0.710;;;;;;;;;;;
533232.69;152591.23;6.29;11.1;147.75;0.567;13.72;0.6373;2.0055;1.003;;;;;;;;;;;
533043.62;152581.91;10.5;18.3;204.75;0.574;16.15;0.7568;4.7204;2.360;;;;;;;;;;;
533049.99;153162.81;6;18.9;120.75;0.317;12.40;0.5726;1.5443;0.772;;;;;;;;;;;
533158.1;152934.49;18.18;25.5;246.5;0.713;17.72;0.8339;9.9247;4.962;;;;;;;;;;;
533107.05;152370.29;4.13;8.4;36.25;0.492;6.80;0.2971;0.2861;0.143;;;;;;;;;;;
533319.75;152678.21;6.45;12.4;163;0.520;14.41;0.6712;2.2813;1.141;;;;;;;;;;;
533132.89;153143.86;4.45;14.5;65;0.307;9.10;0.4103;0.5881;0.294;;;;;;;;;;;
533337.22;152657.49;5.87;9.1;173.25;0.645;14.86;0.6932;2.2140;1.107;;;;;;;;;;;
532645.07;151961.23;10.8;15.7;197.75;0.688;15.87;0.7431;4.6813;2.341;;;;;;;;;;;
532606.11;152002.62;11.19;16.3;227.5;0.687;17.02;0.7997;5.6176;2.809;;;;;;;;;;;
533071.21;152882.03;8.31;12.4;72.25;0.670;9.59;0.4346;1.2320;0.616;;;;;;;;;;;
533251.17;152463.82;6.94;11.9;24.75;0.583;5.62;0.2391;0.3114;0.156;;;;;;;;;;;
533226.97;152762.39;15.14;20.7;173.25;0.731;14.86;0.6932;5.7105;2.855;;;;;;;;;;;
533068.58;153110.7;15.08;20;186.25;0.754;15.40;0.7201;6.1378;3.069;;;;;;;;;;;
533505.63;152339.67;13.08;24.1;25.5;0.543;5.70;0.2432;0.6074;0.304;;;;;;;;;;;
532659.91;152227.55;4.1;9;33.75;0.456;6.56;0.2854;0.2621;0.131;;;;;;;;;;;
533110.03;152443.28;6.94;20.6;146.5;0.337;13.66;0.6344;2.1929;1.096;;;;;;;;;;;
533103.36;152942.75;6.14;14.4;185.5;0.426;15.37;0.7185;2.4885;1.244;;;;;;;;;;;
533169.89;152153.68;3.97;4.3;1.75;0.923;1.49;0.0365;0.0042;0.002;;;;;;;;;;;
533495.06;152729.71;8.51;18.7;141;0.455;13.40;0.6217;2.5823;1.291;;;;;;;;;;;
533069.63;152394.76;5;8.4;74.75;0.595;9.76;0.4427;0.7691;0.385;;;;;;;;;;;
533460.01;152326.24;9.36;14;186.25;0.669;15.40;0.7201;3.8097;1.905;;;;;;;;;;;
532935.07;152190.96;5.35;15.7;95;0.341;11.00;0.5037;1.0657;0.533;;;;;;;;;;;
533157;152842.93;12.01;18.1;194.25;0.664;15.73;0.7361;5.1091;2.555;;;;;;;;;;;
533025.36;153062.42;6.62;14;72.5;0.473;9.61;0.4354;0.9851;0.493;;;;;;;;;;;
532828.59;152392.35;8.24;20.4;61.25;0.404;8.83;0.3972;1.0206;0.510;;;;;;;;;;;
532820;152357.01;7.1;20.4;49;0.348;7.90;0.3514;0.6882;0.344;;;;;;;;;;;
533405.01;152679.89;15.87;24.2;141.75;0.656;13.44;0.6235;4.8427;2.421;;;;;;;;;;;
533377.48;152276.78;9.15;15.5;111.5;0.590;11.92;0.5488;2.1633;1.082;;;;;;;;;;;
533053.22;152145.93;3.94;5;11.25;0.788;3.79;0.1492;0.0688;0.034;;;;;;;;;;;
533269.39;152748.41;15.34;20.3;169.5;0.756;14.69;0.6852;5.6541;2.827;;;;;;;;;;;
533411.54;152705.05;19.66;24.7;136.75;0.796;13.20;0.6117;5.7752;2.888;;;;;;;;;;;
532623.1;152046.25;11.48;16.2;188.75;0.709;15.51;0.7251;4.7385;2.369;;;;;;;;;;;
533219.68;152710.13;6.57;11.3;124;0.581;12.57;0.5808;1.7395;0.870;;;;;;;;;;;
533207.77;152762.01;13.47;19.9;197.5;0.677;15.86;0.7426;5.8309;2.915;;;;;;;;;;;
532603.53;151959.96;5.8;13.7;133.75;0.423;13.05;0.6046;1.6642;0.832;;;;;;;;;;;
532642.72;152002.72;16.39;19.6;207.75;0.836;16.27;0.7626;7.4816;3.741;;;;;;;;;;;
533078.63;153167.13;13.46;20.9;192.25;0.644;15.65;0.7322;5.6640;2.832;;;;;;;;;;;
533013.47;152622.84;4.96;8.2;132.5;0.605;12.99;0.6016;1.4090;0.705;;;;;;;;;;;
533396.01;152313.36;10.18;14.6;95;0.697;11.00;0.5037;2.0277;1.014;;;;;;;;;;;
533167.76;152370.65;5.91;15.9;33.25;0.372;6.51;0.2830;0.3715;0.186;;;;;;;;;;;
533197.61;152804.84;6.22;10.8;100.25;0.576;11.30;0.5185;1.3125;0.656;;;;;;;;;;;
533142.96;152946.78;27.8;32.6;166;0.853;14.54;0.6777;10.0237;5.012;;;;;;;;;;;
533436.8;152479.71;7.46;12.1;21;0.617;5.17;0.2173;0.2765;0.138;;;;;;;;;;;
533049.28;153021.76;5.93;11.4;40.75;0.520;7.20;0.3172;0.4684;0.234;;;;;;;;;;;
533421.42;152288.46;7.66;11.7;159.25;0.655;14.24;0.6631;2.6436;1.322;;;;;;;;;;;
533301.58;152655.39;4.63;7.1;183.25;0.652;15.28;0.7139;1.8526;0.926;;;;;;;;;;;
533115.5;152963.05;6.94;12.7;200.75;0.546;15.99;0.7490;3.0561;1.528;;;;;;;;;;;
533165.3;152980.51;4.83;8.3;37;0.582;6.87;0.3005;0.3424;0.171;;;;;;;;;;;
533281.9;152587.27;5.77;17.4;118;0.332;12.26;0.5656;1.4491;0.725;;;;;;;;;;;
533084.75;153035.26;8.85;15.9;120;0.557;12.36;0.5707;2.2628;1.131;;;;;;;;;;;
533209.81;152585.64;5.59;12.6;108.75;0.444;11.77;0.5415;1.2868;0.643;;;;;;;;;;;
533380.17;152476.73;6.35;15.9;24.5;0.399;5.59;0.2377;0.2816;0.141;;;;;;;;;;;
533284.3;152755.97;8.45;14.8;169;0.571;14.67;0.6842;3.1049;1.552;;;;;;;;;;;
533143.11;153019.93;6.64;10.9;100.75;0.609;11.33;0.5198;1.4086;0.704;;;;;;;;;;;
533167.26;152950.12;8.67;15.8;121.75;0.549;12.45;0.5751;2.2512;1.126;;;;;;;;;;;
533159.4;152800.82;9.13;15.3;177.75;0.597;15.05;0.7026;3.5379;1.769;;;;;;;;;;;
533165.24;152526.39;5.62;15.9;13.25;0.353;4.11;0.1650;0.1202;0.060;;;;;;;;;;;
533234.69;152719;4.24;10.2;94.75;0.416;10.99;0.5030;0.8422;0.421;;;;;;;;;;;
533326.89;152611.11;9.14;14.9;153.5;0.613;13.98;0.6503;3.0342;1.517;;;;;;;;;;;
532929.7;152374.61;10.89;14.3;127.25;0.762;12.73;0.5888;2.9636;1.482;;;;;;;;;;;
533182.67;152831.36;8.67;14.9;135.25;0.582;13.13;0.6082;2.5172;1.259;;;;;;;;;;;
533231.32;152548.1;5.71;10;67;0.571;9.24;0.4171;0.7799;0.390;;;;;;;;;;;
533497.61;152707.77;13.03;23.6;157.5;0.552;14.16;0.6592;4.4447;2.222;;;;;;;;;;;
533103.02;153189.9;9.5;15.3;77.75;0.621;9.95;0.4522;1.5249;0.762;;;;;;;;;;;
533479.76;152725.75;22.33;26.7;134.5;0.836;13.09;0.6064;6.4451;3.223;;;;;;;;;;;
533129.66;152926.37;18.58;24.6;203;0.755;16.08;0.7534;8.2780;4.139;;;;;;;;;;;
532883.8;152395.67;6.38;20.4;46;0.313;7.65;0.3393;0.5766;0.288;;;;;;;;;;;
533125.33;152999.21;5.89;12.4;154.75;0.475;14.04;0.6531;1.9721;0.986;;;;;;;;;;;
532671.62;152294.15;6.2;11.4;165.25;0.544;14.51;0.6761;2.2249;1.112;;;;;;;;;;;
533356.92;152690.36;19.71;24.3;178.5;0.811;15.08;0.7041;7.6716;3.836;;;;;;;;;;;
533160.62;152826.84;16.87;21;184;0.803;15.31;0.7155;6.7792;3.390;;;;;;;;;;;
533300.1;152681.34;12.16;20.8;131.5;0.585;12.94;0.5992;3.4267;1.713;;;;;;;;;;;
533180.47;152777.07;6.97;16.3;115.25;0.428;12.12;0.5586;1.7070;0.854;;;;;;;;;;;
533112.3;152881.72;16.01;21.7;213.75;0.738;16.50;0.7740;7.5295;3.765;;;;;;;;;;;
533148.12;152904.79;21.05;26;211.25;0.810;16.40;0.7693;9.7785;4.889;;;;;;;;;;;
533011.31;152703.93;7.2;8;32.5;0.900;6.43;0.2793;0.4410;0.221;;;;;;;;;;;
533155.95;152719.06;7.72;10.4;6.75;0.742;2.93;0.1072;0.0697;0.035;;;;;;;;;;;
533197.53;152968.65;5.84;8.9;56.5;0.656;8.48;0.3800;0.6621;0.331;;;;;;;;;;;
533120.26;152896.11;18.12;23.7;238.75;0.765;17.44;0.8201;9.5673;4.784;;;;;;;;;;;
533029.51;153131.43;5.2;9;86.25;0.578;10.48;0.4782;0.9336;0.467;;;;;;;;;;;
533100.81;152709.34;5.94;10.1;20;0.588;5.05;0.2112;0.2080;0.104;;;;;;;;;;;
533083.96;152437.79;7.88;20.9;56.5;0.377;8.48;0.3800;0.8934;0.447;;;;;;;;;;;
533233.15;152383.65;10.07;16;123.25;0.629;12.53;0.5789;2.6490;1.324;;;;;;;;;;;
533474.43;152714.32;12.02;19.8;172.25;0.607;14.81;0.6911;4.5061;2.253;;;;;;;;;;;
533436.38;152325.53;7.2;12.6;169.25;0.571;14.68;0.6847;2.6497;1.325;;;;;;;;;;;
533360.85;152312.5;7.41;11.3;140;0.656;13.35;0.6194;2.2316;1.116;;;;;;;;;;;
533426.11;152710.75;7.49;15.3;147.5;0.490;13.71;0.6367;2.3838;1.192;;;;;;;;;;;
532674.89;152011.34;15.53;18.9;186.25;0.822;15.40;0.7201;6.3209;3.160;;;;;;;;;;;
533451.76;152617.55;7.63;13.4;183.75;0.569;15.30;0.7150;3.0617;1.531;;;;;;;;;;;
533229.68;152620.89;4.99;8.2;73.5;0.609;9.68;0.4386;0.7537;0.377;;;;;;;;;;;
533209.95;152400.9;4.42;14.3;93.25;0.309;10.90;0.4987;0.8630;0.432;;;;;;;;;;;
533141.01;152859.6;7.81;15.4;167.75;0.507;14.62;0.6815;2.8473;1.424;;;;;;;;;;;
532618.72;151947.94;8.49;13.8;158.25;0.615;14.20;0.6609;2.9106;1.455;;;;;;;;;;;
533457.06;152576.93;7.54;12.4;215;0.608;16.55;0.7764;3.5678;1.784;;;;;;;;;;;
533208.31;152623.79;9.07;16.2;159.75;0.560;14.27;0.6642;3.1406;1.570;;;;;;;;;;;
533085.4;153103.16;7.16;13;86;0.551;10.47;0.4775;1.2814;0.641;;;;;;;;;;;
532942.53;152235.45;5.36;8.8;61.75;0.609;8.87;0.3990;0.6698;0.335;;;;;;;;;;;
533396.31;152440.16;9.67;16.3;40.75;0.593;7.20;0.3172;0.7637;0.382;;;;;;;;;;;
533449.96;152314.68;7.89;12.2;188.5;0.647;15.50;0.7246;3.2521;1.626;;;;;;;;;;;
532781.72;152474.59;16;21.9;22;0.731;5.29;0.2233;0.6262;0.313;;;;;;;;;;;
532879.56;152277.75;14.03;17.8;38;0.788;6.96;0.3050;1.0248;0.512;;;;;;;;;;;
533086.06;153048.75;12.81;19.5;174.25;0.657;14.90;0.6953;4.8610;2.431;;;;;;;;;;;
532733.2;152259.21;6.76;20.8;20.5;0.325;5.11;0.2143;0.2436;0.122;;;;;;;;;;;
533467.23;152343.88;3.59;4.8;54;0.748;8.29;0.3707;0.3873;0.194;;;;;;;;;;;
533054.93;152426.11;5.76;10.7;90.75;0.538;10.75;0.4915;1.0923;0.546;;;;;;;;;;;
533346.28;152281.81;4.33;6.3;43;0.687;7.40;0.3268;0.3631;0.182;;;;;;;;;;;
532984.05;152145.68;5.53;7.9;16.75;0.700;4.62;0.1901;0.1569;0.078;;;;;;;;;;;
533142.69;152625.07;11.77;15;45.75;0.785;7.63;0.3383;1.0573;0.529;;;;;;;;;;;
533378.39;152371.68;10.41;27.1;33.75;0.384;6.56;0.2854;0.6654;0.333;;;;;;;;;;;
533360.06;152704.53;21.19;24.4;189;0.868;15.52;0.7256;8.7585;4.379;;;;;;;;;;;
532997.2;152640.67;6.95;24.7;41.75;0.281;7.29;0.3215;0.5640;0.282;;;;;;;;;;;
533470.82;152407.78;6.36;11.9;103;0.534;11.45;0.5260;1.3815;0.691;;;;;;;;;;;
532954.5;152884.62;10.11;14.7;176.5;0.688;14.99;0.7000;3.8886;1.944;;;;;;;;;;;
532999.86;152973.69;4.68;8;83.25;0.585;10.30;0.4692;0.8088;0.404;;;;;;;;;;;
532718.75;152229.13;5.8;18.6;45.25;0.312;7.59;0.3362;0.5147;0.257;;;;;;;;;;;
533361.86;152610.63;6.56;12.5;104.25;0.525;11.52;0.5294;1.4434;0.722;;;;;;;;;;;
533080.15;152566.24;7.03;19.9;45;0.353;7.57;0.3352;0.6201;0.310;;;;;;;;;;;
533072.48;152151.43;3.9;5.5;37.5;0.709;6.91;0.3028;0.2807;0.140;;;;;;;;;;;
533158.79;153009.45;7.68;12.6;65.5;0.610;9.13;0.4120;1.0234;0.512;;;;;;;;;;;
533469.96;152379.25;5.45;9.8;161;0.556;14.32;0.6669;1.9027;0.951;;;;;;;;;;;
532865.15;152690.17;6.73;11.1;161.25;0.606;14.33;0.6674;2.3534;1.177;;;;;;;;;;;
533266.93;152696.33;10.45;18.9;206.25;0.553;16.21;0.7597;4.7340;2.367;;;;;;;;;;;
533358.47;152344.81;8.32;13.6;173.5;0.612;14.87;0.6937;3.1429;1.571;;;;;;;;;;;
532991.08;152896.29;4.12;6.1;17.75;0.675;4.76;0.1968;0.1253;0.063;;;;;;;;;;;
533209.54;152674.55;7.34;9.5;41.75;0.773;7.29;0.3215;0.5956;0.298;;;;;;;;;;;
532608.87;152031.51;10.42;16.5;177;0.632;15.02;0.7010;4.0198;2.010;;;;;;;;;;;
532901.04;152183.91;12.37;15.8;15.5;0.783;4.44;0.1815;0.3199;0.160;;;;;;;;;;;
533057.4;152527.72;8.27;16.3;13.25;0.507;4.11;0.1650;0.1768;0.088;;;;;;;;;;;
533269.84;152352.4;4.15;5.2;11.75;0.798;3.87;0.1533;0.0765;0.038;;;;;;;;;;;
533035.8;152565.05;5.65;16;33.5;0.353;6.53;0.2842;0.3581;0.179;;;;;;;;;;;
532948.86;152337.51;9.6;17.2;42;0.558;7.31;0.3226;0.7842;0.392;;;;;;;;;;;
532810.94;152336.49;8.06;12.2;121.5;0.661;12.44;0.5745;2.0882;1.044;;;;;;;;;;;
532685.37;152001.02;16.19;19.1;187.5;0.848;15.45;0.7226;6.6361;3.318;;;;;;;;;;;
533429.97;152423.21;6.32;12.3;191.75;0.514;15.63;0.7312;2.6522;1.326;;;;;;;;;;;
533034.56;152316.91;4.2;5.3;19;0.792;4.92;0.2049;0.1384;0.069;;;;;;;;;;;
